{
	"parent": "block/block",
	"elements": [
		{
			"from": [0, 0, 0],
			"to": [16, 16, 16],
			"faces": {
				"north": {"uv": [0, 0, 16, 16], "texture": "#block", "tintindex": 0},
				"east": {"uv": [0, 0, 16, 16], "texture": "#block", "tintindex": 0},
				"south": {"uv": [0, 0, 16, 16], "texture": "#block", "tintindex": 0},
				"west": {"uv": [0, 0, 16, 16], "texture": "#block", "tintindex": 0},
				"up": {"uv": [0, 0, 16, 16], "texture": "#block", "tintindex": 0},
				"down": {"uv": [0, 0, 16, 16], "texture": "#block", "tintindex": 0}
			}
		},
		{
			"from": [0, -16, 8],
			"to": [16, 16, 8],
			"rotation": {"angle": -22.5, "axis": "y", "origin": [8, 8, 8]},
			"faces": {
				"north": {"uv": [0, 0, 16, 16], "texture": "#hanging", "tintindex": 0},
				"south": {"uv": [0, 0, 16, 16], "texture": "#hanging", "tintindex": 0}
			}
		},
		{
			"from": [8, -16, 0],
			"to": [8, 16, 16],
			"rotation": {"angle": -22.5, "axis": "y", "origin": [8, 8, 8]},
			"faces": {
				"east": {"uv": [0, 0, 16, 16], "texture": "#hanging", "tintindex": 0},
				"west": {"uv": [0, 0, 16, 16], "texture": "#hanging", "tintindex": 0}
			}
		},
		{
			"from": [8, -8, -8],
			"to": [8, 24, 24],
			"rotation": {"angle": 45, "axis": "y", "origin": [8, 8, 8]},
			"faces": {
				"east": {"uv": [0, 0, 16, 16], "texture": "#cross", "tintindex": 0},
				"west": {"uv": [0, 0, 16, 16], "texture": "#cross", "tintindex": 0}
			}
		},
		{
			"from": [-8, -8, 8],
			"to": [24, 24, 8],
			"rotation": {"angle": 45, "axis": "y", "origin": [8, 8, 8]},
			"faces": {
				"north": {"uv": [0, 0, 16, 16], "texture": "#cross", "tintindex": 0},
				"south": {"uv": [0, 0, 16, 16], "texture": "#cross", "tintindex": 0}
			}
		}
	]
}