{
	"parent": "block/block",
	"elements": [
		{
			"from": [0, 0, 0],
			"to": [16, 16, 16],
			"faces": {
				"north": {"uv": [0, 0, 16, 16], "texture": "#block", "tintindex": 0},
				"east": {"uv": [0, 0, 16, 16], "texture": "#block", "tintindex": 0},
				"south": {"uv": [0, 0, 16, 16], "texture": "#block", "tintindex": 0},
				"west": {"uv": [0, 0, 16, 16], "texture": "#block", "tintindex": 0},
				"up": {"uv": [0, 0, 16, 16], "texture": "#block", "tintindex": 0},
				"down": {"uv": [0, 0, 16, 16], "texture": "#block", "tintindex": 0}
			}
		},
		{
			"from": [4, -8, -8],
			"to": [4, 24, 24],
			"rotation": {"angle": -45, "axis": "y", "origin": [8, 8, 8]},
			"faces": {
				"east": {"uv": [0, 0, 16, 16], "texture": "#cross", "tintindex": 0},
				"west": {"uv": [0, 0, 16, 16], "texture": "#cross", "tintindex": 0}
			}
		},
		{
			"from": [-8, -8, 12],
			"to": [24, 24, 12],
			"rotation": {"angle": -45, "axis": "y", "origin": [8, 8, 8]},
			"faces": {
				"north": {"uv": [0, 0, 16, 16], "texture": "#cross", "tintindex": 0},
				"south": {"uv": [0, 0, 16, 16], "texture": "#cross", "tintindex": 0}
			}
		},
		{
			"from": [-8, -8, 4],
			"to": [24, 24, 4],
			"rotation": {"angle": -45, "axis": "y", "origin": [8, 8, 8]},
			"faces": {
				"north": {"uv": [0, 0, 16, 16], "texture": "#cross", "tintindex": 0},
				"south": {"uv": [0, 0, 16, 16], "texture": "#cross", "tintindex": 0}
			}
		},
		{
			"from": [12, -8, -8],
			"to": [12, 24, 24],
			"rotation": {"angle": -45, "axis": "y", "origin": [8, 8, 8]},
			"faces": {
				"east": {"uv": [0, 0, 16, 16], "texture": "#cross", "tintindex": 0},
				"west": {"uv": [0, 0, 16, 16], "texture": "#cross", "tintindex": 0}
			}
		}
	]
}