{
	"parent": "block/block",
	"elements": [
		{
			"from": [0, 0, 0],
			"to": [16, 16, 16],
			"faces": {
				"north": {"uv": [0, 0, 16, 16], "texture": "#block", "tintindex": 0},
				"east": {"uv": [0, 0, 16, 16], "texture": "#block", "tintindex": 0},
				"south": {"uv": [0, 0, 16, 16], "texture": "#block", "tintindex": 0},
				"west": {"uv": [0, 0, 16, 16], "texture": "#block", "tintindex": 0},
				"up": {"uv": [0, 0, 16, 16], "texture": "#block", "tintindex": 0},
				"down": {"uv": [0, 0, 16, 16], "texture": "#block", "tintindex": 0}
			}
		},
		{
			"from": [-8, 10, -8],
			"to": [24, 10, 24],
			"rotation": {"angle": -22.5, "axis": "x", "origin": [8, 8, 8]},
			"faces": {
				"up": {"uv": [0, 0, 16, 16], "texture": "#cross", "tintindex": 0},
				"down": {"uv": [0, 0, 16, 16], "rotation": 180, "texture": "#cross", "tintindex": 0}
			}
		},
		{
			"from": [-8, 10, -8],
			"to": [24, 10, 24],
			"rotation": {"angle": 22.5, "axis": "x", "origin": [8, 8, 8]},
			"faces": {
				"up": {"uv": [0, 0, 16, 16], "texture": "#cross", "tintindex": 0},
				"down": {"uv": [0, 0, 16, 16], "rotation": 180, "texture": "#cross", "tintindex": 0}
			}
		}
	]
}