{
    "parent": "item/generated",
    "textures": {
        "layer0": "custom/compass/n"
    },
    "overrides": [
        { "predicate": { "angle": 0 }, "model": "item/compass" },
        { "predicate": { "angle": 0.0625 }, "model": "item/compass/nne" },
        { "predicate": { "angle": 0.125 }, "model": "item/compass/ne" },
        { "predicate": { "angle": 0.1875 }, "model": "item/compass/nee" },
        { "predicate": { "angle": 0.25 }, "model": "item/compass/e" },
        { "predicate": { "angle": 0.3125 }, "model": "item/compass/see" },
        { "predicate": { "angle": 0.375 }, "model": "item/compass/se" },
        { "predicate": { "angle": 0.4375 }, "model": "item/compass/sse" },
        { "predicate": { "angle": 0.5 }, "model": "item/compass/s" },
        { "predicate": { "angle": 0.5625 }, "model": "item/compass/ssw" },
        { "predicate": { "angle": 0.625 }, "model": "item/compass/sw" },
        { "predicate": { "angle": 0.6875 }, "model": "item/compass/sww" },
        { "predicate": { "angle": 0.75 }, "model": "item/compass/w" },
        { "predicate": { "angle": 0.8125 }, "model": "item/compass/nww" },
        { "predicate": { "angle": 0.875 }, "model": "item/compass/nw" },
        { "predicate": { "angle": 0.9375 }, "model": "item/compass/nnw" }
    ]
}
