{
    "variants": {
        "": [
			{ "model": "block/bookshelf/0" },
			{ "model": "block/bookshelf/1" },
			{ "model": "block/bookshelf/2" },
			{ "model": "block/bookshelf/3" },
			{ "model": "block/bookshelf/4" },
			{ "model": "block/bookshelf/5" },
			{ "model": "block/bookshelf/6" },
			{ "model": "block/bookshelf/7" },
			{ "model": "block/bookshelf/8" },
			{ "model": "block/bookshelf/9" },
			{ "model": "block/bookshelf/10" },
			{ "model": "block/bookshelf/11" },
			{ "model": "block/bookshelf/12" },
			{ "model": "block/bookshelf/13" },
			{ "model": "block/bookshelf/14" },
			{ "model": "block/bookshelf/15" },
			{ "model": "block/bookshelf/16" },
			{ "model": "block/bookshelf/17" },
			{ "model": "block/bookshelf/18" },
			{ "model": "block/bookshelf/19" },
			{ "model": "block/bookshelf/20" },
			{ "model": "block/bookshelf/21" },
			{ "model": "block/bookshelf/22" },
			{ "model": "block/bookshelf/23" },
			{ "model": "block/bookshelf/24" },
			{ "model": "block/bookshelf/25" },
			{ "model": "block/bookshelf/26" },
			{ "model": "block/bookshelf/27" },
			{ "model": "block/bookshelf/28" },
			{ "model": "block/bookshelf/29" },
			{ "model": "block/bookshelf/30" },
			{ "model": "block/bookshelf/31" }
		]
	}
}