{
    "variants": {
        "facing=east,half=bottom,shape=straight":  { "model": "block/end_stone_brick_stairs/east" },
        "facing=west,half=bottom,shape=straight":  { "model": "block/end_stone_brick_stairs/west", "y": 180, "uvlock": true },
        "facing=south,half=bottom,shape=straight": { "model": "block/end_stone_brick_stairs/south", "y": 90, "uvlock": true },
        "facing=north,half=bottom,shape=straight": { "model": "block/end_stone_brick_stairs/north", "y": 270, "uvlock": true },
        "facing=east,half=bottom,shape=outer_right":  { "model": "block/end_stone_brick_stairs/outer" },
        "facing=west,half=bottom,shape=outer_right":  { "model": "block/end_stone_brick_stairs/outer", "y": 180, "uvlock": true },
        "facing=south,half=bottom,shape=outer_right": { "model": "block/end_stone_brick_stairs/outer", "y": 90, "uvlock": true },
        "facing=north,half=bottom,shape=outer_right": { "model": "block/end_stone_brick_stairs/outer", "y": 270, "uvlock": true },
        "facing=east,half=bottom,shape=outer_left":  { "model": "block/end_stone_brick_stairs/outer", "y": 270, "uvlock": true },
        "facing=west,half=bottom,shape=outer_left":  { "model": "block/end_stone_brick_stairs/outer", "y": 90, "uvlock": true },
        "facing=south,half=bottom,shape=outer_left": { "model": "block/end_stone_brick_stairs/outer" },
        "facing=north,half=bottom,shape=outer_left": { "model": "block/end_stone_brick_stairs/outer", "y": 180, "uvlock": true },
        "facing=east,half=bottom,shape=inner_right":  { "model": "block/end_stone_brick_stairs/inner" },
        "facing=west,half=bottom,shape=inner_right":  { "model": "block/end_stone_brick_stairs/inner", "y": 180, "uvlock": true },
        "facing=south,half=bottom,shape=inner_right": { "model": "block/end_stone_brick_stairs/inner", "y": 90, "uvlock": true },
        "facing=north,half=bottom,shape=inner_right": { "model": "block/end_stone_brick_stairs/inner", "y": 270, "uvlock": true },
        "facing=east,half=bottom,shape=inner_left":  { "model": "block/end_stone_brick_stairs/inner", "y": 270, "uvlock": true },
        "facing=west,half=bottom,shape=inner_left":  { "model": "block/end_stone_brick_stairs/inner", "y": 90, "uvlock": true },
        "facing=south,half=bottom,shape=inner_left": { "model": "block/end_stone_brick_stairs/inner" },
        "facing=north,half=bottom,shape=inner_left": { "model": "block/end_stone_brick_stairs/inner", "y": 180, "uvlock": true },
        "facing=east,half=top,shape=straight":  { "model": "block/end_stone_brick_stairs/east_flip", "x": 180, "uvlock": true },
        "facing=west,half=top,shape=straight":  { "model": "block/end_stone_brick_stairs/west_flip", "x": 180, "y": 180, "uvlock": true },
        "facing=south,half=top,shape=straight": { "model": "block/end_stone_brick_stairs/south_flip", "x": 180, "y": 90, "uvlock": true },
        "facing=north,half=top,shape=straight": { "model": "block/end_stone_brick_stairs/north_flip", "x": 180, "y": 270, "uvlock": true },
        "facing=east,half=top,shape=outer_right":  { "model": "block/end_stone_brick_stairs/outer_flip", "x": 180, "y": 90, "uvlock": true },
        "facing=west,half=top,shape=outer_right":  { "model": "block/end_stone_brick_stairs/outer_flip", "x": 180, "y": 270, "uvlock": true },
        "facing=south,half=top,shape=outer_right": { "model": "block/end_stone_brick_stairs/outer_flip", "x": 180, "y": 180, "uvlock": true },
        "facing=north,half=top,shape=outer_right": { "model": "block/end_stone_brick_stairs/outer_flip", "x": 180, "uvlock": true },
        "facing=east,half=top,shape=outer_left":  { "model": "block/end_stone_brick_stairs/outer_flip", "x": 180, "uvlock": true },
        "facing=west,half=top,shape=outer_left":  { "model": "block/end_stone_brick_stairs/outer_flip", "x": 180, "y": 180, "uvlock": true },
        "facing=south,half=top,shape=outer_left": { "model": "block/end_stone_brick_stairs/outer_flip", "x": 180, "y": 90, "uvlock": true },
        "facing=north,half=top,shape=outer_left": { "model": "block/end_stone_brick_stairs/outer_flip", "x": 180, "y": 270, "uvlock": true },
        "facing=east,half=top,shape=inner_right":  { "model": "block/end_stone_brick_stairs/inner_flip", "x": 180, "y": 90, "uvlock": true },
        "facing=west,half=top,shape=inner_right":  { "model": "block/end_stone_brick_stairs/inner_flip", "x": 180, "y": 270, "uvlock": true },
        "facing=south,half=top,shape=inner_right": { "model": "block/end_stone_brick_stairs/inner_flip", "x": 180, "y": 180, "uvlock": true },
        "facing=north,half=top,shape=inner_right": { "model": "block/end_stone_brick_stairs/inner_flip", "x": 180, "uvlock": true },
        "facing=east,half=top,shape=inner_left":  { "model": "block/end_stone_brick_stairs/inner_flip", "x": 180, "uvlock": true },
        "facing=west,half=top,shape=inner_left":  { "model": "block/end_stone_brick_stairs/inner_flip", "x": 180, "y": 180, "uvlock": true },
        "facing=south,half=top,shape=inner_left": { "model": "block/end_stone_brick_stairs/inner_flip", "x": 180, "y": 90, "uvlock": true },
        "facing=north,half=top,shape=inner_left": { "model": "block/end_stone_brick_stairs/inner_flip", "x": 180, "y": 270, "uvlock": true }
    }
}
