{
	"parent": "block/block",
	"elements": [
		{
			"from": [0, 0, 0],
			"to": [16, 16, 16],
			"faces": {
				"north": {"uv": [0, 0, 16, 16], "texture": "#block"},
				"east": {"uv": [0, 0, 16, 16], "texture": "#block"},
				"south": {"uv": [0, 0, 16, 16], "texture": "#block"},
				"west": {"uv": [0, 0, 16, 16], "texture": "#block"},
				"up": {"uv": [0, 0, 16, 16], "texture": "#block"},
				"down": {"uv": [0, 0, 16, 16], "texture": "#block"}
			}
		},
		{
			"from": [-8, 10, -8],
			"to": [24, 10, 24],
			"rotation": {"angle": -22.5, "axis": "x", "origin": [8, 8, 8]},
			"faces": {
				"up": {"uv": [0, 0, 16, 16], "texture": "#cross"},
				"down": {"uv": [0, 0, 16, 16], "rotation": 180, "texture": "#cross"}
			}
		},
		{
			"from": [-8, 10, -8],
			"to": [24, 10, 24],
			"rotation": {"angle": 22.5, "axis": "x", "origin": [8, 8, 8]},
			"faces": {
				"up": {"uv": [0, 0, 16, 16], "texture": "#cross"},
				"down": {"uv": [0, 0, 16, 16], "rotation": 180, "texture": "#cross"}
			}
		}
	]
}