{
	"elements": [
		{
			"from": [7, 0, 7],
			"to": [9, 6, 9],
			"faces": {
				"north": {"uv": [8, 2, 10, 8], "texture": "#top"},
				"east": {"uv": [8, 2, 10, 8], "texture": "#top"},
				"south": {"uv": [8, 2, 10, 8], "texture": "#top"},
				"west": {"uv": [8, 2, 10, 8], "texture": "#top"},
				"down": {"uv": [8, 6, 10, 8], "texture": "#top"}
			}
		},
		{
			"from": [4, 6, 4],
			"to": [12, 8, 12],
			"rotation": {"angle": 0, "axis": "y", "origin": [8, 7, 8]},
			"faces": {
				"north": {"uv": [8, 0, 16, 2], "texture": "#top"},
				"east": {"uv": [8, 0, 16, 2], "texture": "#top"},
				"south": {"uv": [8, 0, 16, 2], "texture": "#top"},
				"west": {"uv": [8, 0, 16, 2], "texture": "#top"},
				"up": {"uv": [0, 0, 8, 8], "texture": "#top"},
				"down": {"uv": [0, 8, 8, 16], "texture": "#top"}
			}
		}
	]
}