{
	"elements": [
		{
			"from": [7, 0, 7],
			"to": [9, 5, 9],
			"faces": {
				"north": {"uv": [10, 11, 12, 16], "texture": "#top"},
				"east": {"uv": [10, 11, 12, 16], "texture": "#top"},
				"south": {"uv": [10, 11, 12, 16], "texture": "#top"},
				"west": {"uv": [10, 11, 12, 16], "texture": "#top"},
				"down": {"uv": [12, 14, 14, 16], "texture": "#top"}
			}
		},
		{
			"from": [3, 6, 3],
			"to": [13, 8, 13],
			"faces": {
				"north": {"uv": [0, 3, 10, 5], "texture": "#top"},
				"east": {"uv": [0, 3, 10, 5], "texture": "#top"},
				"south": {"uv": [0, 3, 10, 5], "texture": "#top"},
				"west": {"uv": [0, 3, 10, 5], "texture": "#top"},
				"up": {"uv": [0, 6, 10, 16], "texture": "#top"},
				"down": {"uv": [0, 0, 10, 10], "texture": "#internal"}
			}
		},
		{
			"from": [5, 8, 5],
			"to": [11, 11, 11],
			"faces": {
				"north": {"uv": [2, 0, 8, 3], "texture": "#top"},
				"east": {"uv": [2, 0, 8, 3], "texture": "#top"},
				"south": {"uv": [2, 0, 8, 3], "texture": "#top"},
				"west": {"uv": [2, 0, 8, 3], "texture": "#top"},
				"up": {"uv": [2, 8, 8, 14], "texture": "#top"}
			}
		},
		{
			"from": [6, 11, 6],
			"to": [10, 12, 10],
			"faces": {
				"north": {"uv": [10, 0, 14, 1], "texture": "#top"},
				"east": {"uv": [10, 0, 14, 1], "texture": "#top"},
				"south": {"uv": [10, 0, 14, 1], "texture": "#top"},
				"west": {"uv": [10, 0, 14, 1], "texture": "#top"},
				"up": {"uv": [3, 9, 7, 13], "texture": "#top"}
			}
		},
		{
			"from": [4, 5, 4],
			"to": [12, 6, 12],
			"faces": {
				"north": {"uv": [1, 5, 9, 6], "texture": "#top"},
				"east": {"uv": [1, 5, 9, 6], "texture": "#top"},
				"south": {"uv": [1, 5, 9, 6], "texture": "#top"},
				"west": {"uv": [1, 5, 9, 6], "texture": "#top"},
				"down": {"uv": [1, 1, 9, 9], "texture": "#internal"}
			}
		}
	]
}