{
	"elements": [
		{
			"from": [6, 7, 6],
			"to": [10, 8, 10],
			"faces": {
				"north": {"uv": [1, 0, 5, 1], "texture": "#top"},
				"east": {"uv": [1, 0, 5, 1], "texture": "#top"},
				"south": {"uv": [1, 0, 5, 1], "texture": "#top"},
				"west": {"uv": [1, 0, 5, 1], "texture": "#top"},
				"up": {"uv": [1, 6, 5, 10], "texture": "#top"},
				"down": {"uv": [0, 0, 4, 4], "texture": "#top"}
			}
		},
		{
			"from": [5, 3, 5],
			"to": [11, 7, 11],
			"faces": {
				"north": {"uv": [0, 1, 6, 5], "texture": "#top"},
				"east": {"uv": [0, 1, 6, 5], "texture": "#top"},
				"south": {"uv": [0, 1, 6, 5], "texture": "#top"},
				"west": {"uv": [0, 1, 6, 5], "texture": "#top"},
				"up": {"uv": [0, 5, 6, 11], "texture": "#top"},
				"down": {"uv": [6, 5, 12, 11], "texture": "#top"}
			}
		},
		{
			"from": [7, 0, 7],
			"to": [9, 3, 9],
			"faces": {
				"north": {"uv": [0, 11, 2, 14], "texture": "#top"},
				"east": {"uv": [0, 11, 2, 14], "texture": "#top"},
				"south": {"uv": [0, 11, 2, 14], "texture": "#top"},
				"west": {"uv": [0, 11, 2, 14], "texture": "#top"},
				"down": {"uv": [0, 12, 2, 14], "texture": "#top"}
			}
		}
	]
}