{
	"elements": [
		{
			"from": [7, 0, 7],
			"to": [9, 7, 9],
			"faces": {
				"north": {"uv": [10, 9, 12, 16], "texture": "#top"},
				"east": {"uv": [10, 9, 12, 16], "texture": "#top"},
				"south": {"uv": [10, 9, 12, 16], "texture": "#top"},
				"west": {"uv": [10, 9, 12, 16], "texture": "#top"},
				"down": {"uv": [10, 14, 12, 16], "texture": "#top"}
			}
		},
		{
			"from": [3, 7, 3],
			"to": [13, 9, 13],
			"faces": {
				"north": {"uv": [0, 10, 10, 12], "texture": "#top"},
				"east": {"uv": [0, 10, 10, 12], "texture": "#top"},
				"south": {"uv": [0, 10, 10, 12], "texture": "#top"},
				"west": {"uv": [0, 10, 10, 12], "texture": "#top"},
				"up": {"uv": [0, 0, 10, 10], "texture": "#top"},
				"down": {"uv": [0, 0, 10, 10], "texture": "#internal"}
			}
		},
		{
			"from": [3, 5, 11],
			"to": [13, 7, 13],
			"faces": {
				"north": {"uv": [0, 14, 10, 16], "texture": "#top"},
				"east": {"uv": [0, 12, 2, 14], "texture": "#top"},
				"south": {"uv": [0, 12, 10, 14], "texture": "#top"},
				"west": {"uv": [8, 12, 10, 14], "texture": "#top"},
				"down": {"uv": [0, 14, 10, 16], "texture": "#top"}
			}
		},
		{
			"from": [3, 5, 3],
			"to": [13, 7, 5],
			"faces": {
				"north": {"uv": [0, 12, 10, 14], "texture": "#top"},
				"east": {"uv": [8, 12, 10, 14], "texture": "#top"},
				"south": {"uv": [0, 14, 10, 16], "texture": "#top"},
				"west": {"uv": [0, 12, 2, 14], "texture": "#top"},
				"down": {"uv": [0, 14, 10, 16], "rotation": 180, "texture": "#top"}
			}
		},
		{
			"from": [3, 5, 5],
			"to": [5, 7, 11],
			"faces": {
				"east": {"uv": [2, 14, 8, 16], "texture": "#top"},
				"west": {"uv": [2, 12, 8, 14], "texture": "#top"},
				"down": {"uv": [2, 16, 8, 14], "rotation": 90, "texture": "#top"}
			}
		},
		{
			"from": [11, 5, 5],
			"to": [13, 7, 11],
			"faces": {
				"east": {"uv": [2, 12, 8, 14], "texture": "#top"},
				"west": {"uv": [2, 14, 8, 16], "texture": "#top"},
				"down": {"uv": [2, 14, 8, 16], "rotation": 90, "texture": "#top"}
			}
		}
	]
}