{
	"textures": {
		"bottom": "custom/jukebox/bottom",
		"glass": "custom/jukebox/glass",
		"internal": "custom/jukebox/internal",
		"side": "custom/jukebox/side",
		"top": "custom/jukebox/top",
		"particle": "custom/jukebox/side"
	},
	"elements": [
		{
			"from": [0, 0, 0],
			"to": [16, 13, 16],
			"faces": {
				"north": {"uv": [0, 3, 16, 16], "texture": "#side"},
				"east": {"uv": [0, 3, 16, 16], "texture": "#side"},
				"south": {"uv": [0, 3, 16, 16], "texture": "#side"},
				"west": {"uv": [0, 3, 16, 16], "texture": "#side"},
				"up": {"uv": [0, 0, 16, 16], "texture": "#top"},
				"down": {"uv": [0, 0, 16, 16], "texture": "#bottom"}
			}
		},
		{
			"from": [0, 13, 0],
			"to": [2, 16, 16],
			"faces": {
				"north": {"uv": [14, 0, 16, 3], "texture": "#side"},
				"east": {"uv": [0, 0, 16, 3], "texture": "#internal"},
				"south": {"uv": [0, 0, 2, 3], "texture": "#side"},
				"west": {"uv": [0, 0, 16, 3], "texture": "#side"},
				"up": {"uv": [0, 0, 2, 16], "texture": "#top"}
			}
		},
		{
			"from": [2, 13, 0],
			"to": [14, 16, 2],
			"faces": {
				"north": {"uv": [2, 0, 14, 3], "texture": "#side"},
				"south": {"uv": [2, 0, 14, 3], "texture": "#internal"},
				"up": {"uv": [2, 0, 14, 2], "texture": "#top"}
			}
		},
		{
			"from": [2, 13, 14],
			"to": [14, 16, 16],
			"faces": {
				"north": {"uv": [2, 0, 14, 3], "texture": "#internal"},
				"south": {"uv": [2, 0, 14, 3], "texture": "#side"},
				"up": {"uv": [2, 14, 14, 16], "texture": "#top"}
			}
		},
		{
			"from": [14, 13, 0],
			"to": [16, 16, 16],
			"faces": {
				"north": {"uv": [0, 0, 2, 3], "texture": "#side"},
				"east": {"uv": [0, 0, 16, 3], "texture": "#side"},
				"south": {"uv": [14, 0, 16, 3], "texture": "#side"},
				"west": {"uv": [0, 0, 16, 3], "texture": "#internal"},
				"up": {"uv": [14, 0, 16, 16], "texture": "#top"}
			}
		},
		{
			"from": [7.5, 13, 7.5],
			"to": [8.5, 14, 8.5],
			"faces": {
				"north": {"uv": [0, 3, 1, 4], "texture": "#internal"},
				"east": {"uv": [0, 3, 1, 4], "texture": "#internal"},
				"south": {"uv": [0, 3, 1, 4], "texture": "#internal"},
				"west": {"uv": [0, 3, 1, 4], "texture": "#internal"},
				"up": {"uv": [0, 3, 1, 4], "texture": "#internal"},
				"down": {"uv": [0, 0, 1, 1], "texture": "#internal"}
			}
		},
		{
			"from": [2, 16, 13],
			"to": [4, 28, 15],
			"rotation": {"angle": -22.5, "axis": "x", "origin": [8, 16, 14]},
			"faces": {
				"north": {"uv": [0, 0, 2, 12], "rotation": 180, "texture": "#glass"},
				"east": {"uv": [1, 0, 3, 12], "rotation": 180, "texture": "#glass"},
				"south": {"uv": [0, 0, 2, 12], "texture": "#glass"},
				"west": {"uv": [0, 12, 12, 14], "rotation": 90, "texture": "#glass"},
				"up": {"uv": [10, 12, 12, 14], "rotation": 180, "texture": "#glass"},
				"down": {"uv": [10, 12, 12, 14], "texture": "#glass"}
			}
		},
		{
			"from": [4, 16, 13],
			"to": [12, 18, 15],
			"rotation": {"angle": -22.5, "axis": "x", "origin": [8, 16, 14]},
			"faces": {
				"north": {"uv": [2, 0, 10, 2], "rotation": 180, "texture": "#glass"},
				"east": {"uv": [12, 0, 14, 2], "rotation": 270, "texture": "#glass"},
				"south": {"uv": [2, 10, 10, 12], "texture": "#glass"},
				"west": {"uv": [12, 0, 14, 2], "rotation": 90, "texture": "#glass"},
				"up": {"uv": [2, 9, 10, 11], "rotation": 180, "texture": "#glass"},
				"down": {"uv": [2, 12, 10, 14], "texture": "#glass"}
			}
		},
		{
			"from": [4, 26, 13],
			"to": [12, 28, 15],
			"rotation": {"angle": -22.5, "axis": "x", "origin": [8, 16, 14]},
			"faces": {
				"north": {"uv": [2, 10, 10, 12], "rotation": 180, "texture": "#glass"},
				"east": {"uv": [12, 0, 14, 2], "rotation": 270, "texture": "#glass"},
				"south": {"uv": [2, 0, 10, 2], "texture": "#glass"},
				"west": {"uv": [12, 0, 14, 2], "rotation": 90, "texture": "#glass"},
				"up": {"uv": [2, 12, 10, 14], "rotation": 180, "texture": "#glass"},
				"down": {"uv": [2, 9, 10, 11], "texture": "#glass"}
			}
		},
		{
			"from": [12, 16, 13],
			"to": [14, 28, 15],
			"rotation": {"angle": -22.5, "axis": "x", "origin": [8, 16, 14]},
			"faces": {
				"north": {"uv": [10, 0, 12, 12], "rotation": 180, "texture": "#glass"},
				"east": {"uv": [0, 12, 12, 14], "rotation": 270, "texture": "#glass"},
				"south": {"uv": [10, 0, 12, 12], "texture": "#glass"},
				"west": {"uv": [9, 0, 11, 12], "rotation": 180, "texture": "#glass"},
				"up": {"uv": [0, 12, 2, 14], "rotation": 180, "texture": "#glass"},
				"down": {"uv": [0, 12, 2, 14], "rotation": 180, "texture": "#glass"}
			}
		},
		{
			"from": [2.75, 13, 2.5],
			"to": [4.25, 15, 4.5],
			"faces": {
				"north": {"uv": [3, 3, 4.5, 5], "texture": "#internal"},
				"east": {"uv": [2, 3, 4, 5], "texture": "#internal"},
				"south": {"uv": [3, 3, 4.5, 5], "texture": "#internal"},
				"west": {"uv": [4, 3, 6, 5], "texture": "#internal"},
				"up": {"uv": [3, 3, 4.5, 5], "texture": "#internal"},
				"down": {"uv": [3, 3, 4.5, 5], "texture": "#internal"}
			}
		},
		{
			"from": [3, 14, 4.5],
			"to": [4, 15, 7.5],
			"faces": {
				"north": {"uv": [1, 3, 2, 4], "texture": "#internal"},
				"east": {"uv": [1, 3, 2, 6], "rotation": 90, "texture": "#internal"},
				"south": {"uv": [1, 3, 2, 4], "texture": "#internal"},
				"west": {"uv": [1, 3, 2, 6], "rotation": 90, "texture": "#internal"},
				"up": {"uv": [1, 3, 2, 6], "texture": "#internal"},
				"down": {"uv": [1, 3, 2, 6], "texture": "#internal"}
			}
		},
		{
			"from": [3.25, 13.5, 7.5],
			"to": [3.75, 15, 8],
			"faces": {
				"north": {"uv": [0, 3, 0.5, 4.5], "texture": "#internal"},
				"east": {"uv": [0, 3, 0.5, 4.5], "texture": "#internal"},
				"south": {"uv": [0, 3, 0.5, 4.5], "texture": "#internal"},
				"west": {"uv": [0, 3, 0.5, 4.5], "texture": "#internal"},
				"up": {"uv": [0, 3, 0.5, 3.5], "texture": "#internal"},
				"down": {"uv": [0, 3, 0.5, 3.5], "texture": "#internal"}
			}
		}
	],
    "display": {
        "gui": {
            "rotation": [ 30, 225, 0 ],
            "translation": [ 0, 0, 0],
            "scale":[ 0.625, 0.625, 0.625 ]
        },
        "ground": {
            "rotation": [ 0, 0, 0 ],
            "translation": [ 0, 3, 0],
            "scale":[ 0.25, 0.25, 0.25 ]
        },
        "fixed": {
            "rotation": [ 0, 0, 0 ],
            "translation": [ 0, 0, 0],
            "scale":[ 0.5, 0.5, 0.5 ]
        },
        "thirdperson_righthand": {
            "rotation": [ 75, 45, 0 ],
            "translation": [ 0, 2.5, 0],
            "scale": [ 0.375, 0.375, 0.375 ]
        },
        "firstperson_righthand": {
            "rotation": [ 0, 45, 0 ],
            "translation": [ 0, 0, 0 ],
            "scale": [ 0.40, 0.40, 0.40 ]
        },
        "firstperson_lefthand": {
            "rotation": [ 0, 225, 0 ],
            "translation": [ 0, 0, 0 ],
            "scale": [ 0.40, 0.40, 0.40 ]
        }
    }
}

