{
	"textures": {
		"bottom": "custom/jukebox/bottom",
		"glass": "custom/jukebox/glass",
		"internal": "custom/jukebox/internal",
		"side": "custom/jukebox/side",
		"top": "custom/jukebox/top",
		"record": "custom/jukebox/record",
		"particle": "custom/jukebox/side"
	},
	"elements": [
		{
			"from": [0, 0, 0],
			"to": [16, 13, 16],
			"faces": {
				"north": {"uv": [0, 3, 16, 16], "texture": "#side"},
				"east": {"uv": [0, 3, 16, 16], "texture": "#side"},
				"south": {"uv": [0, 3, 16, 16], "texture": "#side"},
				"west": {"uv": [0, 3, 16, 16], "texture": "#side"},
				"up": {"uv": [0, 0, 16, 16], "texture": "#record"},
				"down": {"uv": [0, 0, 16, 16], "texture": "#bottom"}
			}
		},
		{
			"from": [0, 13, 0],
			"to": [2, 16, 16],
			"faces": {
				"north": {"uv": [14, 0, 16, 3], "texture": "#side"},
				"east": {"uv": [0, 0, 16, 3], "texture": "#internal"},
				"south": {"uv": [0, 0, 2, 3], "texture": "#side"},
				"west": {"uv": [0, 0, 16, 3], "texture": "#side"},
				"up": {"uv": [0, 0, 2, 16], "texture": "#top"}
			}
		},
		{
			"from": [2, 13, 0],
			"to": [14, 16, 2],
			"faces": {
				"north": {"uv": [2, 0, 14, 3], "texture": "#side"},
				"south": {"uv": [2, 0, 14, 3], "texture": "#internal"},
				"up": {"uv": [2, 0, 14, 2], "texture": "#top"}
			}
		},
		{
			"from": [2, 13, 14],
			"to": [14, 16, 16],
			"faces": {
				"north": {"uv": [2, 0, 14, 3], "texture": "#internal"},
				"south": {"uv": [2, 0, 14, 3], "texture": "#side"},
				"up": {"uv": [2, 14, 14, 16], "texture": "#top"}
			}
		},
		{
			"from": [14, 13, 0],
			"to": [16, 16, 16],
			"faces": {
				"north": {"uv": [0, 0, 2, 3], "texture": "#side"},
				"east": {"uv": [0, 0, 16, 3], "texture": "#side"},
				"south": {"uv": [14, 0, 16, 3], "texture": "#side"},
				"west": {"uv": [0, 0, 16, 3], "texture": "#internal"},
				"up": {"uv": [14, 0, 16, 16], "texture": "#top"}
			}
		},
		{
			"from": [7.5, 13, 7.5],
			"to": [8.5, 14, 8.5],
			"faces": {
				"north": {"uv": [0, 3, 1, 4], "texture": "#internal"},
				"east": {"uv": [0, 3, 1, 4], "texture": "#internal"},
				"south": {"uv": [0, 3, 1, 4], "texture": "#internal"},
				"west": {"uv": [0, 3, 1, 4], "texture": "#internal"},
				"up": {"uv": [0, 3, 1, 4], "texture": "#internal"},
				"down": {"uv": [0, 0, 1, 1], "texture": "#internal"}
			}
		},
		{
			"from": [2, 15, 12],
			"to": [14, 17, 14],
			"rotation": {"angle": 0, "axis": "x", "origin": [8, 16, 14]},
			"faces": {
				"north": {"uv": [0, 9, 12, 11], "rotation": 180, "texture": "#glass"},
				"east": {"uv": [0, 0, 12, 2], "texture": "#glass"},
				"south": {"uv": [0, 0, 12, 2], "texture": "#glass"},
				"west": {"uv": [0, 0, 12, 2], "texture": "#glass"},
				"up": {"uv": [0, 10, 12, 12], "texture": "#glass"},
				"down": {"uv": [0, 0, 12, 12], "texture": "#glass"}
			}
		},
		{
			"from": [2, 15, 2],
			"to": [14, 17, 4],
			"rotation": {"angle": 0, "axis": "y", "origin": [8, 16, 14]},
			"faces": {
				"north": {"uv": [0, 0, 12, 2], "texture": "#glass"},
				"east": {"uv": [0, 0, 12, 2], "texture": "#glass"},
				"south": {"uv": [0, 1, 12, 3], "texture": "#glass"},
				"west": {"uv": [0, 0, 12, 2], "texture": "#glass"},
				"up": {"uv": [0, 0, 12, 2], "texture": "#glass"},
				"down": {"uv": [0, 0, 12, 12], "texture": "#glass"}
			}
		},
		{
			"from": [12, 15, 4],
			"to": [14, 17, 12],
			"rotation": {"angle": 0, "axis": "y", "origin": [8, 16, 14]},
			"faces": {
				"north": {"uv": [0, 0, 12, 2], "texture": "#glass"},
				"east": {"uv": [0, 0, 12, 2], "texture": "#glass"},
				"south": {"uv": [0, 0, 12, 2], "texture": "#glass"},
				"west": {"uv": [9, 2, 11, 10], "rotation": 270, "texture": "#glass"},
				"up": {"uv": [10, 2, 12, 10], "texture": "#glass"},
				"down": {"uv": [0, 0, 12, 12], "texture": "#glass"}
			}
		},
		{
			"from": [2, 15, 4],
			"to": [4, 17, 12],
			"rotation": {"angle": 0, "axis": "y", "origin": [8, 16, 14]},
			"faces": {
				"north": {"uv": [0, 0, 12, 2], "texture": "#glass"},
				"east": {"uv": [1, 2, 3, 10], "rotation": 90, "texture": "#glass"},
				"south": {"uv": [0, 0, 12, 2], "texture": "#glass"},
				"west": {"uv": [0, 0, 12, 2], "texture": "#glass"},
				"up": {"uv": [0, 2, 2, 10], "texture": "#glass"},
				"down": {"uv": [0, 0, 12, 12], "texture": "#glass"}
			}
		},
		{
			"from": [2.75, 13, 2.5],
			"to": [4.25, 15, 4.5],
			"rotation": {"angle": 22.5, "axis": "y", "origin": [3.5, 14.25, 3.75]},
			"faces": {
				"north": {"uv": [3, 3, 4.5, 5], "texture": "#internal"},
				"east": {"uv": [2, 3, 4, 5], "texture": "#internal"},
				"south": {"uv": [3, 3, 4.5, 5], "texture": "#internal"},
				"west": {"uv": [4, 3, 6, 5], "texture": "#internal"},
				"up": {"uv": [3, 3, 4.5, 5], "texture": "#internal"},
				"down": {"uv": [3, 3, 4.5, 5], "texture": "#internal"}
			}
		},
		{
			"from": [3, 13.75, 4.5],
			"to": [4, 14.75, 7.5],
			"rotation": {"angle": 22.5, "axis": "y", "origin": [3.5, 14.25, 3.75]},
			"faces": {
				"north": {"uv": [1, 3, 2, 4], "texture": "#internal"},
				"east": {"uv": [1, 3, 2, 6], "rotation": 90, "texture": "#internal"},
				"south": {"uv": [1, 3, 2, 4], "texture": "#internal"},
				"west": {"uv": [1, 3, 2, 6], "rotation": 90, "texture": "#internal"},
				"up": {"uv": [1, 3, 2, 6], "texture": "#internal"},
				"down": {"uv": [1, 3, 2, 6], "texture": "#internal"}
			}
		},
		{
			"from": [3.25, 13.25, 7.5],
			"to": [3.75, 14.75, 8],
			"rotation": {"angle": 22.5, "axis": "y", "origin": [3.5, 14.25, 3.75]},
			"faces": {
				"north": {"uv": [0, 3, 0.5, 4.5], "texture": "#internal"},
				"east": {"uv": [0, 3, 0.5, 4.5], "texture": "#internal"},
				"south": {"uv": [0, 3, 0.5, 4.5], "texture": "#internal"},
				"west": {"uv": [0, 3, 0.5, 4.5], "texture": "#internal"},
				"up": {"uv": [0, 3, 0.5, 3.5], "texture": "#internal"},
				"down": {"uv": [0, 3, 0.5, 3.5], "texture": "#internal"}
			}
		}
	]
}