{
	"parent": "block/block",
	"ambientocclusion": false,
	"textures": {
		"base": "custom/beacon/base",
		"spire": "custom/beacon/emitter",
		"rod": "custom/beacon/rod",
		"particle": "block/glass",
		"glass": "block/glass",
		"obsidian": "block/obsidian"
	},
	"elements": [
		{
			"name": "Glass shell",
			"from": [0, 2, 0],
			"to": [16, 16, 16],
			"faces": {
				"north": {"uv": [0, 0, 16, 14], "texture": "#glass"},
				"east": {"uv": [0, 0, 16, 14], "texture": "#glass"},
				"south": {"uv": [0, 0, 16, 14], "texture": "#glass"},
				"west": {"uv": [0, 0, 16, 14], "texture": "#glass"},
				"up": {"uv": [0, 0, 16, 16], "texture": "#glass"}
			}
		},
		{
			"name": "Obsidian base1",
			"from": [3, 2.1, 3],
			"to": [13, 6, 13],
			"faces": {
				"north": {"uv": [3, 10, 13, 13.9], "texture": "#obsidian"},
				"east": {"uv": [3, 12, 13, 15.9], "texture": "#obsidian"},
				"south": {"uv": [3, 10, 13, 13.9], "texture": "#obsidian"},
				"west": {"uv": [3, 10, 13, 13.9], "texture": "#obsidian"},
				"up": {"uv": [3, 3, 13, 13], "texture": "#obsidian"}
			}
		},
		{
			"name": "Obsidian base2",
			"from": [0, 0, 0],
			"to": [16, 2, 16],
			"faces": {
				"north": {"uv": [0, 14, 16, 16], "texture": "#base"},
				"east": {"uv": [0, 14, 16, 16], "texture": "#base"},
				"south": {"uv": [0, 14, 16, 16], "texture": "#base"},
				"west": {"uv": [0, 14, 16, 16], "texture": "#base"},
				"up": {"uv": [0, 0, 16, 16], "texture": "#obsidian"},
				"down": {"uv": [0, 0, 16, 16], "texture": "#base"}
			}
		},
		{
			"name": "Emitter",
			"from": [4, 6, 4],
			"to": [12, 8, 12],
			"faces": {
				"north": {"uv": [0, 8, 8, 10], "texture": "#spire"},
				"east": {"uv": [0, 8, 8, 10], "texture": "#spire"},
				"south": {"uv": [0, 8, 8, 10], "texture": "#spire"},
				"west": {"uv": [0, 8, 8, 10], "texture": "#spire"},
				"up": {"uv": [0, 0, 8, 8], "texture": "#spire"}
			}
		},
		{
			"name": "Rod1",
			"from": [9, 6, 2],
			"to": [10, 7, 14],
			"rotation": {"angle": 0, "axis": "y", "origin": [8, 10, 8]},
			"faces": {
				"north": {"uv": [1, 0, 2, 1], "texture": "#rod"},
				"east": {"uv": [1, 0, 2, 12], "rotation": 90, "texture": "#rod"},
				"south": {"uv": [1, 0, 2, 1], "texture": "#rod"},
				"west": {"uv": [1, 0, 2, 12], "rotation": 90, "texture": "#rod"},
				"up": {"uv": [1, 0, 2, 12], "texture": "#rod"},
				"down": {"uv": [1, 0, 2, 12], "texture": "#rod"}
			}
		},
		{
			"name": "Rod2",
			"from": [6, 6, 2],
			"to": [7, 7, 14],
			"rotation": {"angle": 0, "axis": "y", "origin": [8, 10, 8]},
			"faces": {
				"north": {"uv": [1, 0, 2, 1], "texture": "#rod"},
				"east": {"uv": [1, 0, 2, 12], "rotation": 90, "texture": "#rod"},
				"south": {"uv": [1, 0, 2, 1], "texture": "#rod"},
				"west": {"uv": [1, 0, 2, 12], "rotation": 90, "texture": "#rod"},
				"up": {"uv": [1, 0, 2, 12], "texture": "#rod"},
				"down": {"uv": [1, 0, 2, 12], "texture": "#rod"}
			}
		},
		{
			"name": "Rod3",
			"from": [2, 6, 6],
			"to": [14, 7, 7],
			"rotation": {"angle": 0, "axis": "y", "origin": [8, 10, 8]},
			"faces": {
				"north": {"uv": [1, 0, 2, 12], "rotation": 90, "texture": "#rod"},
				"east": {"uv": [1, 0, 2, 1], "texture": "#rod"},
				"south": {"uv": [1, 0, 2, 12], "rotation": 90, "texture": "#rod"},
				"west": {"uv": [1, 0, 2, 1], "texture": "#rod"},
				"up": {"uv": [1, 0, 2, 12], "rotation": 90, "texture": "#rod"},
				"down": {"uv": [1, 0, 2, 12], "rotation": 90, "texture": "#rod"}
			}
		},
		{
			"name": "Rod4",
			"from": [2, 6, 9],
			"to": [14, 7, 10],
			"rotation": {"angle": 0, "axis": "y", "origin": [8, 10, 8]},
			"faces": {
				"north": {"uv": [1, 0, 2, 12], "rotation": 90, "texture": "#rod"},
				"east": {"uv": [1, 0, 2, 1], "texture": "#rod"},
				"south": {"uv": [1, 0, 2, 12], "rotation": 90, "texture": "#rod"},
				"west": {"uv": [1, 0, 2, 1], "texture": "#rod"},
				"up": {"uv": [1, 0, 2, 12], "rotation": 90, "texture": "#rod"},
				"down": {"uv": [1, 0, 2, 12], "rotation": 90, "texture": "#rod"}
			}
		},
		{
			"name": "Power1",
			"from": [2, -2, 6],
			"to": [3, 6, 7],
			"faces": {
				"north": {"uv": [0, 0, 1, 8], "texture": "#rod"},
				"east": {"uv": [0, 0, 1, 8], "texture": "#rod"},
				"south": {"uv": [0, 0, 1, 8], "texture": "#rod"},
				"west": {"uv": [0, 0, 1, 8], "texture": "#rod"},
				"up": {"uv": [0, 0, 1, 1], "texture": "#missing"},
				"down": {"uv": [0, 7, 1, 8], "texture": "#rod"}
			}
		},
		{
			"name": "Power1",
			"from": [2, -2, 9],
			"to": [3, 6, 10],
			"faces": {
				"north": {"uv": [0, 0, 1, 8], "texture": "#rod"},
				"east": {"uv": [0, 0, 1, 8], "texture": "#rod"},
				"south": {"uv": [0, 0, 1, 8], "texture": "#rod"},
				"west": {"uv": [0, 0, 1, 8], "texture": "#rod"},
				"up": {"uv": [0, 0, 1, 1], "texture": "#missing"},
				"down": {"uv": [0, 7, 1, 8], "texture": "#rod"}
			}
		},
		{
			"name": "Power1",
			"from": [6, -2, 13],
			"to": [7, 6, 14],
			"faces": {
				"north": {"uv": [0, 0, 1, 8], "texture": "#rod"},
				"east": {"uv": [0, 0, 1, 8], "texture": "#rod"},
				"south": {"uv": [0, 0, 1, 8], "texture": "#rod"},
				"west": {"uv": [0, 0, 1, 8], "texture": "#rod"},
				"up": {"uv": [0, 0, 1, 1], "texture": "#missing"},
				"down": {"uv": [0, 7, 1, 8], "texture": "#rod"}
			}
		},
		{
			"name": "Power1",
			"from": [9, -2, 13],
			"to": [10, 6, 14],
			"faces": {
				"north": {"uv": [0, 0, 1, 8], "texture": "#rod"},
				"east": {"uv": [0, 0, 1, 8], "texture": "#rod"},
				"south": {"uv": [0, 0, 1, 8], "texture": "#rod"},
				"west": {"uv": [0, 0, 1, 8], "texture": "#rod"},
				"up": {"uv": [0, 0, 1, 1], "texture": "#missing"},
				"down": {"uv": [0, 7, 1, 8], "texture": "#rod"}
			}
		},
		{
			"name": "Power1",
			"from": [13, -2, 9],
			"to": [14, 6, 10],
			"faces": {
				"north": {"uv": [0, 0, 1, 8], "texture": "#rod"},
				"east": {"uv": [0, 0, 1, 8], "texture": "#rod"},
				"south": {"uv": [0, 0, 1, 8], "texture": "#rod"},
				"west": {"uv": [0, 0, 1, 8], "texture": "#rod"},
				"up": {"uv": [0, 0, 1, 1], "texture": "#missing"},
				"down": {"uv": [0, 7, 1, 8], "texture": "#rod"}
			}
		},
		{
			"name": "Power1",
			"from": [13, -2, 6],
			"to": [14, 6, 7],
			"faces": {
				"north": {"uv": [0, 0, 1, 8], "texture": "#rod"},
				"east": {"uv": [0, 0, 1, 8], "texture": "#rod"},
				"south": {"uv": [0, 0, 1, 8], "texture": "#rod"},
				"west": {"uv": [0, 0, 1, 8], "texture": "#rod"},
				"up": {"uv": [0, 0, 1, 1], "texture": "#missing"},
				"down": {"uv": [0, 7, 1, 8], "texture": "#rod"}
			}
		},
		{
			"name": "Power1",
			"from": [9, -2, 2],
			"to": [10, 6, 3],
			"faces": {
				"north": {"uv": [0, 0, 1, 8], "texture": "#rod"},
				"east": {"uv": [0, 0, 1, 8], "texture": "#rod"},
				"south": {"uv": [0, 0, 1, 8], "texture": "#rod"},
				"west": {"uv": [0, 0, 1, 8], "texture": "#rod"},
				"up": {"uv": [0, 0, 1, 1], "texture": "#missing"},
				"down": {"uv": [0, 7, 1, 8], "texture": "#rod"}
			}
		},
		{
			"name": "Power1",
			"from": [6, -2, 2],
			"to": [7, 6, 3],
			"faces": {
				"north": {"uv": [0, 0, 1, 8], "texture": "#rod"},
				"east": {"uv": [0, 0, 1, 8], "texture": "#rod"},
				"south": {"uv": [0, 0, 1, 8], "texture": "#rod"},
				"west": {"uv": [0, 0, 1, 8], "texture": "#rod"},
				"up": {"uv": [0, 0, 1, 1], "texture": "#missing"},
				"down": {"uv": [0, 7, 1, 8], "texture": "#rod"}
			}
		}
	]
}