{
	"ambientocclusion": false,
	"textures": {
		"rail": "custom/ladder/rail",
		"rung": "custom/ladder/rung",
		"particle": "block/ladder"
	},
	"elements": [
		{
			"from": [2, 0, 14],
			"to": [4, 16, 16],
			"shade": false,
			"rotation": {"angle": 0, "axis": "y", "origin": [8, 8, 9]},
			"faces": {
				"north": {"uv": [10, 0, 12, 16], "texture": "#rail"},
				"east": {"uv": [7, 0, 9, 16], "texture": "#rail"},
				"south": {"uv": [14, 0, 16, 16], "texture": "#rail"},
				"west": {"uv": [12, 0, 14, 16], "texture": "#rail"},
				"up": {"uv": [12, 14, 14, 16], "rotation": 90, "texture": "#rail"},
				"down": {"uv": [12, 14, 14, 16], "rotation": 270, "texture": "#rail"}
			}
		},
		{
			"from": [12, 0, 14],
			"to": [14, 16, 16],
			"shade": false,
			"faces": {
				"north": {"uv": [2, 0, 4, 16], "texture": "#rail"},
				"east": {"uv": [0, 0, 2, 16], "texture": "#rail"},
				"south": {"uv": [6, 0, 8, 16], "texture": "#rail"},
				"west": {"uv": [4, 0, 6, 16], "texture": "#rail"},
				"up": {"uv": [4, 14, 6, 16], "rotation": 90, "texture": "#rail"},
				"down": {"uv": [4, 14, 6, 16], "rotation": 270, "texture": "#rail"}
			}
		},
		{
			"from": [1, 1, 13],
			"to": [15, 3, 15],
			"faces": {
				"north": {"uv": [0, 6, 14, 8], "texture": "#rung"},
				"east": {"uv": [14, 2, 16, 4], "texture": "#rung"},
				"south": {"uv": [0, 6, 14, 8], "texture": "#rung"},
				"west": {"uv": [14, 0, 16, 2], "texture": "#rung"},
				"up": {"uv": [0, 8, 14, 10], "texture": "#rung"},
				"down": {"uv": [0, 10, 14, 12], "texture": "#rung"}
			}
		},
		{
			"from": [1, 5, 13],
			"to": [15, 7, 15],
			"faces": {
				"north": {"uv": [0, 4, 14, 6], "texture": "#rung"},
				"east": {"uv": [14, 2, 16, 4], "texture": "#rung"},
				"south": {"uv": [0, 4, 14, 6], "texture": "#rung"},
				"west": {"uv": [14, 0, 16, 2], "texture": "#rung"},
				"up": {"uv": [0, 8, 14, 10], "texture": "#rung"},
				"down": {"uv": [0, 10, 14, 12], "texture": "#rung"}
			}
		},
		{
			"from": [1, 9, 13],
			"to": [15, 11, 15],
			"faces": {
				"north": {"uv": [0, 2, 14, 4], "texture": "#rung"},
				"east": {"uv": [14, 2, 16, 4], "texture": "#rung"},
				"south": {"uv": [0, 2, 14, 4], "texture": "#rung"},
				"west": {"uv": [14, 0, 16, 2], "texture": "#rung"},
				"up": {"uv": [0, 8, 14, 10], "texture": "#rung"},
				"down": {"uv": [0, 10, 14, 12], "texture": "#rung"}
			}
		},
		{
			"from": [1, 13, 13],
			"to": [15, 15, 15],
			"faces": {
				"north": {"uv": [0, 0, 14, 2], "texture": "#rung"},
				"east": {"uv": [14, 2, 16, 4], "texture": "#rung"},
				"south": {"uv": [0, 0, 14, 2], "texture": "#rung"},
				"west": {"uv": [14, 0, 16, 2], "texture": "#rung"},
				"up": {"uv": [0, 8, 14, 10], "texture": "#rung"},
				"down": {"uv": [0, 10, 14, 12], "texture": "#rung"}
			}
		}
	]
}