{
	"textures": {
		"particle": "custom/scaffolding/top",
		"top": "custom/scaffolding/top",
		"side": "custom/scaffolding/side",
		"bottom": "custom/scaffolding/bottom",
		"inside": "custom/scaffolding/inside"
	},
	"elements": [
		{
			"from": [0, 0, 0],
			"to": [2, 14, 2],
			"faces": {
				"north": {"uv": [14, 2, 16, 16], "texture": "#side"},
				"east": {"uv": [14, 2, 16, 16], "texture": "#side"},
				"south": {"uv": [0, 2, 2, 16], "texture": "#side"},
				"west": {"uv": [0, 2, 2, 16], "texture": "#side"},
				"down": {"uv": [0, 14, 2, 16], "texture": "#bottom"}
			}
		},
		{
			"from": [14, 0, 0],
			"to": [16, 14, 2],
			"faces": {
				"north": {"uv": [0, 2, 2, 16], "texture": "#side"},
				"east": {"uv": [14, 2, 16, 16], "texture": "#side"},
				"south": {"uv": [14, 2, 16, 16], "texture": "#side"},
				"west": {"uv": [0, 2, 2, 16], "texture": "#side"},
				"down": {"uv": [14, 14, 16, 16], "texture": "#bottom"}
			}
		},
		{
			"from": [14, 0, 14],
			"to": [16, 14, 16],
			"faces": {
				"north": {"uv": [0, 2, 2, 16], "texture": "#side"},
				"east": {"uv": [0, 2, 2, 16], "texture": "#side"},
				"south": {"uv": [14, 2, 16, 16], "texture": "#side"},
				"west": {"uv": [14, 2, 16, 16], "texture": "#side"},
				"down": {"uv": [14, 0, 16, 2], "texture": "#bottom"}
			}
		},
		{
			"from": [0, 0, 14],
			"to": [2, 14, 16],
			"faces": {
				"north": {"uv": [14, 2, 16, 16], "texture": "#side"},
				"east": {"uv": [0, 2, 2, 16], "texture": "#side"},
				"south": {"uv": [0, 2, 2, 16], "texture": "#side"},
				"west": {"uv": [14, 2, 16, 16], "texture": "#side"},
				"down": {"uv": [0, 0, 2, 2], "texture": "#bottom"}
			}
		},
		{
			"from": [0, 14, 0],
			"to": [3, 16, 16],
			"faces": {
				"north": {"uv": [13, 0, 16, 2], "texture": "#side"},
				"east": {"uv": [0, 0, 16, 2], "texture": "#inside"},
				"south": {"uv": [0, 0, 3, 2], "texture": "#side"},
				"west": {"uv": [0, 0, 16, 2], "texture": "#side"},
				"up": {"uv": [0, 0, 3, 16], "texture": "#top"},
				"down": {"uv": [0, 0, 3, 16], "texture": "#bottom"}
			}
		},
		{
			"from": [13, 14, 0],
			"to": [16, 16, 16],
			"faces": {
				"north": {"uv": [0, 0, 3, 2], "texture": "#side"},
				"east": {"uv": [0, 0, 16, 2], "texture": "#side"},
				"south": {"uv": [13, 0, 16, 2], "texture": "#side"},
				"west": {"uv": [0, 0, 16, 2], "texture": "#inside"},
				"up": {"uv": [13, 0, 16, 16], "texture": "#top"},
				"down": {"uv": [13, 0, 16, 16], "texture": "#bottom"}
			}
		},
		{
			"from": [3, 14, 13],
			"to": [13, 16, 16],
			"faces": {
				"north": {"uv": [3, 0, 13, 2], "texture": "#inside"},
				"south": {"uv": [3, 0, 13, 2], "texture": "#side"},
				"up": {"uv": [3, 13, 13, 16], "texture": "#top"},
				"down": {"uv": [3, 0, 13, 3], "texture": "#bottom"}
			}
		},
		{
			"from": [3, 14, 0],
			"to": [13, 16, 3],
			"faces": {
				"north": {"uv": [3, 0, 13, 2], "texture": "#side"},
				"south": {"uv": [3, 0, 13, 2], "texture": "#inside"},
				"up": {"uv": [3, 0, 13, 3], "texture": "#top"},
				"down": {"uv": [3, 13, 13, 16], "texture": "#bottom"}
			}
		},
		{
			"from": [3, 14.25, 4],
			"to": [13, 15.25, 5],
			"rotation": {"angle": 0, "axis": "y", "origin": [8, 7.25, 8]},
			"faces": {
				"north": {"uv": [0, 4, 10, 5], "texture": "#inside"},
				"south": {"uv": [0, 4, 10, 5], "texture": "#inside"},
				"up": {"uv": [0, 2, 10, 3], "texture": "#inside"},
				"down": {"uv": [0, 5, 10, 6], "texture": "#inside"}
			}
		},
		{
			"from": [3, 14.25, 11],
			"to": [13, 15.25, 12],
			"rotation": {"angle": 0, "axis": "y", "origin": [8, 7.25, 8]},
			"faces": {
				"north": {"uv": [0, 4, 10, 5], "texture": "#inside"},
				"south": {"uv": [0, 4, 10, 5], "texture": "#inside"},
				"up": {"uv": [0, 2, 10, 3], "texture": "#inside"},
				"down": {"uv": [0, 5, 10, 6], "texture": "#inside"}
			}
		},
		{
			"from": [4, 14.75, 3],
			"to": [5, 15.75, 13],
			"rotation": {"angle": 0, "axis": "y", "origin": [8, 7.75, 8]},
			"faces": {
				"east": {"uv": [0, 4, 10, 5], "texture": "#inside"},
				"west": {"uv": [0, 4, 10, 5], "texture": "#inside"},
				"up": {"uv": [0, 3, 10, 4], "rotation": 90, "texture": "#inside"},
				"down": {"uv": [0, 6, 10, 7], "rotation": 90, "texture": "#inside"}
			}
		},
		{
			"from": [11, 14.75, 3],
			"to": [12, 15.75, 13],
			"rotation": {"angle": 0, "axis": "y", "origin": [8, 7.75, 8]},
			"faces": {
				"east": {"uv": [0, 4, 10, 5], "texture": "#inside"},
				"west": {"uv": [0, 4, 10, 5], "texture": "#inside"},
				"up": {"uv": [0, 3, 10, 4], "rotation": 90, "texture": "#inside"},
				"down": {"uv": [0, 6, 10, 7], "rotation": 90, "texture": "#inside"}
			}
		}
	],
	"display": {
		"thirdperson_righthand": {
			"rotation": [75, 45, 0],
			"translation": [0, 2.5, 0],
			"scale": [0.375, 0.375, 0.375]
		},
		"firstperson_righthand": {
			"rotation": [0, 45, 0],
			"scale": [0.4, 0.4, 0.4]
		},
		"firstperson_lefthand": {
			"rotation": [0, 225, 0],
			"scale": [0.4, 0.4, 0.4]
		},
		"ground": {
			"translation": [0, 3, 0],
			"scale": [0.25, 0.25, 0.25]
		},
		"gui": {
			"rotation": [30, 225, 0],
			"scale": [0.625, 0.625, 0.625]
		},
		"fixed": {
			"scale": [0.5, 0.5, 0.5]
		}
	}
}